Block,Timestamp,Amount,From,To
11918903,2022-09-05T18:18:18+00:00,1.0040431184,16R29N4UR8UZbiaNTHiwrUYwEb3RGmo9XCgVk7nzu8LEJ3D7,1BAitQj5xequxDyKaB1tqQ3D1k3vdSUM3geGfbSDnv87pX1
11918743,2022-09-05T18:02:12+00:00,71998.91,16R29N4UR8UZbiaNTHiwrUYwEb3RGmo9XCgVk7nzu8LEJ3D7,12k6zoi7L6Jd2oCVek7Zktj8CHY2yoY6nxZThDZK7mdWP6Sr
11918616,2022-09-05T17:49:24+00:00,50000.0,16RfADA9iFGjL8LiSbv5Gsk4aiuseburydVWySe1i5QhQUFh,16R29N4UR8UZbiaNTHiwrUYwEb3RGmo9XCgVk7nzu8LEJ3D7
11918587,2022-09-05T17:46:30+00:00,21999.95,12xtAYsRUrmbniiWQqJtECiBQrMn8AypQcXhnQAc6RB6XkLW,16R29N4UR8UZbiaNTHiwrUYwEb3RGmo9XCgVk7nzu8LEJ3D7
11918582,2022-09-05T17:46:00+00:00,1.0042431184,16R29N4UR8UZbiaNTHiwrUYwEb3RGmo9XCgVk7nzu8LEJ3D7,12k6zoi7L6Jd2oCVek7Zktj8CHY2yoY6nxZThDZK7mdWP6Sr
11918425,2022-09-05T17:30:12+00:00,3.91,16R29N4UR8UZbiaNTHiwrUYwEb3RGmo9XCgVk7nzu8LEJ3D7,12k6zoi7L6Jd2oCVek7Zktj8CHY2yoY6nxZThDZK7mdWP6Sr
11918392,2022-09-05T17:26:54+00:00,4.95,12xtAYsRUrmbniiWQqJtECiBQrMn8AypQcXhnQAc6RB6XkLW,16R29N4UR8UZbiaNTHiwrUYwEb3RGmo9XCgVk7nzu8LEJ3D7
11870688,2022-09-02T09:13:00+00:00,1.0040431184,16R29N4UR8UZbiaNTHiwrUYwEb3RGmo9XCgVk7nzu8LEJ3D7,163egH5dubAAwbYQQ6wH3jhe8J5YV3wAiEExAvu67BAXmxyx
11870534,2022-09-02T08:57:18+00:00,29998.96,16R29N4UR8UZbiaNTHiwrUYwEb3RGmo9XCgVk7nzu8LEJ3D7,1BAitQj5xequxDyKaB1tqQ3D1k3vdSUM3geGfbSDnv87pX1
11870501,2022-09-02T08:54:00+00:00,30000.0,12xKCGbw56Bq8V4tdHT7QUabaWeUh8d935t81mPkjrWPi3ff,16R29N4UR8UZbiaNTHiwrUYwEb3RGmo9XCgVk7nzu8LEJ3D7
11626848,2022-08-16T06:52:42+00:00,1.0040431184,16R29N4UR8UZbiaNTHiwrUYwEb3RGmo9XCgVk7nzu8LEJ3D7,12k6zoi7L6Jd2oCVek7Zktj8CHY2yoY6nxZThDZK7mdWP6Sr
11626698,2022-08-16T06:37:36+00:00,39998.96,16R29N4UR8UZbiaNTHiwrUYwEb3RGmo9XCgVk7nzu8LEJ3D7,16HNPJqej7ECnB4xQWEk1jAgjpsC65pRjAEXoznmQFxxL8cj
11626676,2022-08-16T06:35:24+00:00,40000.0,12xKCGbw56Bq8V4tdHT7QUabaWeUh8d935t81mPkjrWPi3ff,16R29N4UR8UZbiaNTHiwrUYwEb3RGmo9XCgVk7nzu8LEJ3D7
11519980,2022-08-08T19:10:54+00:00,1.004042548,16R29N4UR8UZbiaNTHiwrUYwEb3RGmo9XCgVk7nzu8LEJ3D7,129fZmvLJcVXJa36p9jmvJWgEFpfvgJXNVDB91fB6FcbTEwb
11519829,2022-08-08T18:55:36+00:00,29998.96,16R29N4UR8UZbiaNTHiwrUYwEb3RGmo9XCgVk7nzu8LEJ3D7,1BAitQj5xequxDyKaB1tqQ3D1k3vdSUM3geGfbSDnv87pX1
11519793,2022-08-08T18:52:00+00:00,30000.0,12xtAYsRUrmbniiWQqJtECiBQrMn8AypQcXhnQAc6RB6XkLW,16R29N4UR8UZbiaNTHiwrUYwEb3RGmo9XCgVk7nzu8LEJ3D7
11402078,2022-07-31T12:47:42+00:00,1.004042548,16R29N4UR8UZbiaNTHiwrUYwEb3RGmo9XCgVk7nzu8LEJ3D7,1BAitQj5xequxDyKaB1tqQ3D1k3vdSUM3geGfbSDnv87pX1
11401934,2022-07-31T12:32:48+00:00,49998.96,16R29N4UR8UZbiaNTHiwrUYwEb3RGmo9XCgVk7nzu8LEJ3D7,12k6zoi7L6Jd2oCVek7Zktj8CHY2yoY6nxZThDZK7mdWP6Sr
11401913,2022-07-31T12:30:24+00:00,50000.0,12xKCGbw56Bq8V4tdHT7QUabaWeUh8d935t81mPkjrWPi3ff,16R29N4UR8UZbiaNTHiwrUYwEb3RGmo9XCgVk7nzu8LEJ3D7
11129285,2022-07-12T08:32:36+00:00,1.0042999985,16R29N4UR8UZbiaNTHiwrUYwEb3RGmo9XCgVk7nzu8LEJ3D7,16HNPJqej7ECnB4xQWEk1jAgjpsC65pRjAEXoznmQFxxL8cj
11129140,2022-07-12T08:17:48+00:00,19998.96,16R29N4UR8UZbiaNTHiwrUYwEb3RGmo9XCgVk7nzu8LEJ3D7,12P4Y3hV6r2D7A7saeC9JVfjVpxA757AeDJrGT7u9T6t6KwR
11129112,2022-07-12T08:15:00+00:00,20000.0,12xKCGbw56Bq8V4tdHT7QUabaWeUh8d935t81mPkjrWPi3ff,16R29N4UR8UZbiaNTHiwrUYwEb3RGmo9XCgVk7nzu8LEJ3D7
10978486,2022-07-01T15:51:42+00:00,1.0041999985,16R29N4UR8UZbiaNTHiwrUYwEb3RGmo9XCgVk7nzu8LEJ3D7,12P4Y3hV6r2D7A7saeC9JVfjVpxA757AeDJrGT7u9T6t6KwR
10978310,2022-07-01T15:33:36+00:00,199998.96,16R29N4UR8UZbiaNTHiwrUYwEb3RGmo9XCgVk7nzu8LEJ3D7,16HNPJqej7ECnB4xQWEk1jAgjpsC65pRjAEXoznmQFxxL8cj
10978286,2022-07-01T15:31:06+00:00,200000.0,12xKCGbw56Bq8V4tdHT7QUabaWeUh8d935t81mPkjrWPi3ff,16R29N4UR8UZbiaNTHiwrUYwEb3RGmo9XCgVk7nzu8LEJ3D7
10852502,2022-06-22T15:55:00+00:00,1.0041999985,16R29N4UR8UZbiaNTHiwrUYwEb3RGmo9XCgVk7nzu8LEJ3D7,144HGaYrSdK3543bi26vT6Rd8Bg7pLPMipJNr2WLc3NuHgD2
10852311,2022-06-22T15:34:54+00:00,0.0,16R29N4UR8UZbiaNTHiwrUYwEb3RGmo9XCgVk7nzu8LEJ3D7,157PD8GV7pJNMwN2zCEuchRyPCMeRoVtwzNdry4XjedkB2KR
10852273,2022-06-22T15:30:54+00:00,0.0,121E6GyWiaaszcR2Vfw8ySsJp6L2WMQp4Tci5LCT3BWjH3Ye,16R29N4UR8UZbiaNTHiwrUYwEb3RGmo9XCgVk7nzu8LEJ3D7
10851820,2022-06-22T14:44:42+00:00,60062.6988520811,16R29N4UR8UZbiaNTHiwrUYwEb3RGmo9XCgVk7nzu8LEJ3D7,148fP7zCq1JErXCy92PkNam4KZNcroG9zbbiPwMB1qehgeT4
10851748,2022-06-22T14:37:06+00:00,60061.6946520826,16RfADA9iFGjL8LiSbv5Gsk4aiuseburydVWySe1i5QhQUFh,16R29N4UR8UZbiaNTHiwrUYwEb3RGmo9XCgVk7nzu8LEJ3D7
10851677,2022-06-22T14:29:48+00:00,226236.5648778817,16R29N4UR8UZbiaNTHiwrUYwEb3RGmo9XCgVk7nzu8LEJ3D7,16HNPJqej7ECnB4xQWEk1jAgjpsC65pRjAEXoznmQFxxL8cj
10851651,2022-06-22T14:27:06+00:00,226237.6048778817,12xKCGbw56Bq8V4tdHT7QUabaWeUh8d935t81mPkjrWPi3ff,16R29N4UR8UZbiaNTHiwrUYwEb3RGmo9XCgVk7nzu8LEJ3D7
10668829,2022-06-09T11:41:48+00:00,1.0041999985,16R29N4UR8UZbiaNTHiwrUYwEb3RGmo9XCgVk7nzu8LEJ3D7,144HGaYrSdK3543bi26vT6Rd8Bg7pLPMipJNr2WLc3NuHgD2
10668684,2022-06-09T11:26:42+00:00,99998.96,16R29N4UR8UZbiaNTHiwrUYwEb3RGmo9XCgVk7nzu8LEJ3D7,12P4Y3hV6r2D7A7saeC9JVfjVpxA757AeDJrGT7u9T6t6KwR
10668656,2022-06-09T11:23:48+00:00,100000.0,12xKCGbw56Bq8V4tdHT7QUabaWeUh8d935t81mPkjrWPi3ff,16R29N4UR8UZbiaNTHiwrUYwEb3RGmo9XCgVk7nzu8LEJ3D7
10525539,2022-05-30T07:33:42+00:00,1.0041999985,16R29N4UR8UZbiaNTHiwrUYwEb3RGmo9XCgVk7nzu8LEJ3D7,1BAitQj5xequxDyKaB1tqQ3D1k3vdSUM3geGfbSDnv87pX1
10525394,2022-05-30T07:18:54+00:00,0.0,16R29N4UR8UZbiaNTHiwrUYwEb3RGmo9XCgVk7nzu8LEJ3D7,16HNPJqej7ECnB4xQWEk1jAgjpsC65pRjAEXoznmQFxxL8cj
10525365,2022-05-30T07:15:54+00:00,0.0,12xKCGbw56Bq8V4tdHT7QUabaWeUh8d935t81mPkjrWPi3ff,16R29N4UR8UZbiaNTHiwrUYwEb3RGmo9XCgVk7nzu8LEJ3D7
10256563,2022-05-11T09:30:42+00:00,1.0041999985,16R29N4UR8UZbiaNTHiwrUYwEb3RGmo9XCgVk7nzu8LEJ3D7,1BAitQj5xequxDyKaB1tqQ3D1k3vdSUM3geGfbSDnv87pX1
10256416,2022-05-11T09:15:43+00:00,399998.96,16R29N4UR8UZbiaNTHiwrUYwEb3RGmo9XCgVk7nzu8LEJ3D7,12P4Y3hV6r2D7A7saeC9JVfjVpxA757AeDJrGT7u9T6t6KwR
10256388,2022-05-11T09:12:48+00:00,400000.0,12xKCGbw56Bq8V4tdHT7QUabaWeUh8d935t81mPkjrWPi3ff,16R29N4UR8UZbiaNTHiwrUYwEb3RGmo9XCgVk7nzu8LEJ3D7
10255525,2022-05-11T07:44:42+00:00,1.0041999985,16R29N4UR8UZbiaNTHiwrUYwEb3RGmo9XCgVk7nzu8LEJ3D7,157PD8GV7pJNMwN2zCEuchRyPCMeRoVtwzNdry4XjedkB2KR
10255375,2022-05-11T07:29:42+00:00,176112.927799997,16R29N4UR8UZbiaNTHiwrUYwEb3RGmo9XCgVk7nzu8LEJ3D7,148fP7zCq1JErXCy92PkNam4KZNcroG9zbbiPwMB1qehgeT4
10255342,2022-05-11T07:26:24+00:00,176113.967799997,16RfADA9iFGjL8LiSbv5Gsk4aiuseburydVWySe1i5QhQUFh,16R29N4UR8UZbiaNTHiwrUYwEb3RGmo9XCgVk7nzu8LEJ3D7
10255226,2022-05-11T07:14:48+00:00,1.0042999985,16R29N4UR8UZbiaNTHiwrUYwEb3RGmo9XCgVk7nzu8LEJ3D7,148fP7zCq1JErXCy92PkNam4KZNcroG9zbbiPwMB1qehgeT4
10255076,2022-05-11T06:59:42+00:00,6993.9438999985,16R29N4UR8UZbiaNTHiwrUYwEb3RGmo9XCgVk7nzu8LEJ3D7,12P4Y3hV6r2D7A7saeC9JVfjVpxA757AeDJrGT7u9T6t6KwR
10255052,2022-05-11T06:57:18+00:00,6994.9838999985,12xKCGbw56Bq8V4tdHT7QUabaWeUh8d935t81mPkjrWPi3ff,16R29N4UR8UZbiaNTHiwrUYwEb3RGmo9XCgVk7nzu8LEJ3D7
10133447,2022-05-02T18:55:48+00:00,1.0041999989,16R29N4UR8UZbiaNTHiwrUYwEb3RGmo9XCgVk7nzu8LEJ3D7,144HGaYrSdK3543bi26vT6Rd8Bg7pLPMipJNr2WLc3NuHgD2
10133295,2022-05-02T18:40:36+00:00,49998.96,16R29N4UR8UZbiaNTHiwrUYwEb3RGmo9XCgVk7nzu8LEJ3D7,148fP7zCq1JErXCy92PkNam4KZNcroG9zbbiPwMB1qehgeT4
10133274,2022-05-02T18:38:30+00:00,50000.0,16RfADA9iFGjL8LiSbv5Gsk4aiuseburydVWySe1i5QhQUFh,16R29N4UR8UZbiaNTHiwrUYwEb3RGmo9XCgVk7nzu8LEJ3D7
10129868,2022-05-02T12:57:48+00:00,1.0041999989,16R29N4UR8UZbiaNTHiwrUYwEb3RGmo9XCgVk7nzu8LEJ3D7,157PD8GV7pJNMwN2zCEuchRyPCMeRoVtwzNdry4XjedkB2KR
10129718,2022-05-02T12:42:48+00:00,99998.96,16R29N4UR8UZbiaNTHiwrUYwEb3RGmo9XCgVk7nzu8LEJ3D7,16HNPJqej7ECnB4xQWEk1jAgjpsC65pRjAEXoznmQFxxL8cj
10129696,2022-05-02T12:40:36+00:00,100000.0,16RfADA9iFGjL8LiSbv5Gsk4aiuseburydVWySe1i5QhQUFh,16R29N4UR8UZbiaNTHiwrUYwEb3RGmo9XCgVk7nzu8LEJ3D7
9946200,2022-04-19T18:14:42+00:00,1.0041999989,16R29N4UR8UZbiaNTHiwrUYwEb3RGmo9XCgVk7nzu8LEJ3D7,1BAitQj5xequxDyKaB1tqQ3D1k3vdSUM3geGfbSDnv87pX1
9946053,2022-04-19T17:59:54+00:00,37998.9277999978,16R29N4UR8UZbiaNTHiwrUYwEb3RGmo9XCgVk7nzu8LEJ3D7,157PD8GV7pJNMwN2zCEuchRyPCMeRoVtwzNdry4XjedkB2KR
9946020,2022-04-19T17:56:36+00:00,37999.9677999978,12xKCGbw56Bq8V4tdHT7QUabaWeUh8d935t81mPkjrWPi3ff,16R29N4UR8UZbiaNTHiwrUYwEb3RGmo9XCgVk7nzu8LEJ3D7
9732415,2022-04-04T21:37:42+00:00,1.0042999989,16R29N4UR8UZbiaNTHiwrUYwEb3RGmo9XCgVk7nzu8LEJ3D7,12P4Y3hV6r2D7A7saeC9JVfjVpxA757AeDJrGT7u9T6t6KwR
9732266,2022-04-04T21:22:48+00:00,10998.9277999978,16R29N4UR8UZbiaNTHiwrUYwEb3RGmo9XCgVk7nzu8LEJ3D7,1BAitQj5xequxDyKaB1tqQ3D1k3vdSUM3geGfbSDnv87pX1
9732239,2022-04-04T21:20:06+00:00,10999.9677999978,12xKCGbw56Bq8V4tdHT7QUabaWeUh8d935t81mPkjrWPi3ff,16R29N4UR8UZbiaNTHiwrUYwEb3RGmo9XCgVk7nzu8LEJ3D7
9631738,2022-03-28T21:38:42+00:00,1.0041999989,16R29N4UR8UZbiaNTHiwrUYwEb3RGmo9XCgVk7nzu8LEJ3D7,129fZmvLJcVXJa36p9jmvJWgEFpfvgJXNVDB91fB6FcbTEwb
9631589,2022-03-28T21:23:48+00:00,46998.96,16R29N4UR8UZbiaNTHiwrUYwEb3RGmo9XCgVk7nzu8LEJ3D7,157PD8GV7pJNMwN2zCEuchRyPCMeRoVtwzNdry4XjedkB2KR
9631559,2022-03-28T21:20:48+00:00,47000.0,16RfADA9iFGjL8LiSbv5Gsk4aiuseburydVWySe1i5QhQUFh,16R29N4UR8UZbiaNTHiwrUYwEb3RGmo9XCgVk7nzu8LEJ3D7
9627609,2022-03-28T14:45:48+00:00,1.0041999989,16R29N4UR8UZbiaNTHiwrUYwEb3RGmo9XCgVk7nzu8LEJ3D7,148fP7zCq1JErXCy92PkNam4KZNcroG9zbbiPwMB1qehgeT4
9627448,2022-03-28T14:29:42+00:00,54998.96,16R29N4UR8UZbiaNTHiwrUYwEb3RGmo9XCgVk7nzu8LEJ3D7,144HGaYrSdK3543bi26vT6Rd8Bg7pLPMipJNr2WLc3NuHgD2
9627421,2022-03-28T14:27:00+00:00,55000.0,12xKCGbw56Bq8V4tdHT7QUabaWeUh8d935t81mPkjrWPi3ff,16R29N4UR8UZbiaNTHiwrUYwEb3RGmo9XCgVk7nzu8LEJ3D7
9373358,2022-03-10T21:39:06+00:00,1.0041999989,16R29N4UR8UZbiaNTHiwrUYwEb3RGmo9XCgVk7nzu8LEJ3D7,16HNPJqej7ECnB4xQWEk1jAgjpsC65pRjAEXoznmQFxxL8cj
9373212,2022-03-10T21:24:30+00:00,29998.96,16R29N4UR8UZbiaNTHiwrUYwEb3RGmo9XCgVk7nzu8LEJ3D7,12P4Y3hV6r2D7A7saeC9JVfjVpxA757AeDJrGT7u9T6t6KwR
9373175,2022-03-10T21:20:48+00:00,30000.0,12xKCGbw56Bq8V4tdHT7QUabaWeUh8d935t81mPkjrWPi3ff,16R29N4UR8UZbiaNTHiwrUYwEb3RGmo9XCgVk7nzu8LEJ3D7
8925296,2022-02-07T18:13:54+00:00,1.0041999987,16R29N4UR8UZbiaNTHiwrUYwEb3RGmo9XCgVk7nzu8LEJ3D7,1BAitQj5xequxDyKaB1tqQ3D1k3vdSUM3geGfbSDnv87pX1
8925146,2022-02-07T17:58:54+00:00,34998.96,16R29N4UR8UZbiaNTHiwrUYwEb3RGmo9XCgVk7nzu8LEJ3D7,144HGaYrSdK3543bi26vT6Rd8Bg7pLPMipJNr2WLc3NuHgD2
8924774,2022-02-07T17:21:42+00:00,35000.0,12xKCGbw56Bq8V4tdHT7QUabaWeUh8d935t81mPkjrWPi3ff,16R29N4UR8UZbiaNTHiwrUYwEb3RGmo9XCgVk7nzu8LEJ3D7
8458645,2022-01-06T08:08:54+00:00,1.0043999987,16R29N4UR8UZbiaNTHiwrUYwEb3RGmo9XCgVk7nzu8LEJ3D7,148fP7zCq1JErXCy92PkNam4KZNcroG9zbbiPwMB1qehgeT4
8458494,2022-01-06T07:53:48+00:00,2.96,16R29N4UR8UZbiaNTHiwrUYwEb3RGmo9XCgVk7nzu8LEJ3D7,148fP7zCq1JErXCy92PkNam4KZNcroG9zbbiPwMB1qehgeT4
8458464,2022-01-06T07:50:48+00:00,4.0,12xKCGbw56Bq8V4tdHT7QUabaWeUh8d935t81mPkjrWPi3ff,16R29N4UR8UZbiaNTHiwrUYwEb3RGmo9XCgVk7nzu8LEJ3D7
8116535,2021-12-13T13:38:54+00:00,1.0043999987,16R29N4UR8UZbiaNTHiwrUYwEb3RGmo9XCgVk7nzu8LEJ3D7,1BAitQj5xequxDyKaB1tqQ3D1k3vdSUM3geGfbSDnv87pX1
8116383,2021-12-13T13:23:42+00:00,8.91,16R29N4UR8UZbiaNTHiwrUYwEb3RGmo9XCgVk7nzu8LEJ3D7,1BAitQj5xequxDyKaB1tqQ3D1k3vdSUM3geGfbSDnv87pX1
8116356,2021-12-13T13:21:00+00:00,9.95,12xtAYsRUrmbniiWQqJtECiBQrMn8AypQcXhnQAc6RB6XkLW,16R29N4UR8UZbiaNTHiwrUYwEb3RGmo9XCgVk7nzu8LEJ3D7
8020322,2021-12-06T21:11:42+00:00,1.0041999987,16R29N4UR8UZbiaNTHiwrUYwEb3RGmo9XCgVk7nzu8LEJ3D7,144HGaYrSdK3543bi26vT6Rd8Bg7pLPMipJNr2WLc3NuHgD2
8020172,2021-12-06T20:56:42+00:00,37998.91,16R29N4UR8UZbiaNTHiwrUYwEb3RGmo9XCgVk7nzu8LEJ3D7,12k6zoi7L6Jd2oCVek7Zktj8CHY2yoY6nxZThDZK7mdWP6Sr
8020142,2021-12-06T20:53:42+00:00,37999.95,12xtAYsRUrmbniiWQqJtECiBQrMn8AypQcXhnQAc6RB6XkLW,16R29N4UR8UZbiaNTHiwrUYwEb3RGmo9XCgVk7nzu8LEJ3D7
7918830,2021-11-29T19:54:42+00:00,1.0041999987,16R29N4UR8UZbiaNTHiwrUYwEb3RGmo9XCgVk7nzu8LEJ3D7,157PD8GV7pJNMwN2zCEuchRyPCMeRoVtwzNdry4XjedkB2KR
7918681,2021-11-29T19:39:48+00:00,39998.91,16R29N4UR8UZbiaNTHiwrUYwEb3RGmo9XCgVk7nzu8LEJ3D7,129fZmvLJcVXJa36p9jmvJWgEFpfvgJXNVDB91fB6FcbTEwb
7918651,2021-11-29T19:36:48+00:00,39999.95,12xtAYsRUrmbniiWQqJtECiBQrMn8AypQcXhnQAc6RB6XkLW,16R29N4UR8UZbiaNTHiwrUYwEb3RGmo9XCgVk7nzu8LEJ3D7
7854749,2021-11-25T09:02:48+00:00,1.0041999987,16R29N4UR8UZbiaNTHiwrUYwEb3RGmo9XCgVk7nzu8LEJ3D7,157PD8GV7pJNMwN2zCEuchRyPCMeRoVtwzNdry4XjedkB2KR
7854598,2021-11-25T08:47:43+00:00,64998.91,16R29N4UR8UZbiaNTHiwrUYwEb3RGmo9XCgVk7nzu8LEJ3D7,144HGaYrSdK3543bi26vT6Rd8Bg7pLPMipJNr2WLc3NuHgD2
7854573,2021-11-25T08:45:12+00:00,64999.95,12xtAYsRUrmbniiWQqJtECiBQrMn8AypQcXhnQAc6RB6XkLW,16R29N4UR8UZbiaNTHiwrUYwEb3RGmo9XCgVk7nzu8LEJ3D7
7826863,2021-11-23T10:16:42+00:00,1.0041999987,16R29N4UR8UZbiaNTHiwrUYwEb3RGmo9XCgVk7nzu8LEJ3D7,144HGaYrSdK3543bi26vT6Rd8Bg7pLPMipJNr2WLc3NuHgD2
7826713,2021-11-23T10:01:42+00:00,39998.91,16R29N4UR8UZbiaNTHiwrUYwEb3RGmo9XCgVk7nzu8LEJ3D7,16HNPJqej7ECnB4xQWEk1jAgjpsC65pRjAEXoznmQFxxL8cj
7826690,2021-11-23T09:59:24+00:00,39999.95,12xtAYsRUrmbniiWQqJtECiBQrMn8AypQcXhnQAc6RB6XkLW,16R29N4UR8UZbiaNTHiwrUYwEb3RGmo9XCgVk7nzu8LEJ3D7
7782575,2021-11-20T08:06:42+00:00,1.0041999987,16R29N4UR8UZbiaNTHiwrUYwEb3RGmo9XCgVk7nzu8LEJ3D7,148fP7zCq1JErXCy92PkNam4KZNcroG9zbbiPwMB1qehgeT4
7782427,2021-11-20T07:51:54+00:00,69998.91,16R29N4UR8UZbiaNTHiwrUYwEb3RGmo9XCgVk7nzu8LEJ3D7,144HGaYrSdK3543bi26vT6Rd8Bg7pLPMipJNr2WLc3NuHgD2
7782403,2021-11-20T07:49:30+00:00,69999.95,12xtAYsRUrmbniiWQqJtECiBQrMn8AypQcXhnQAc6RB6XkLW,16R29N4UR8UZbiaNTHiwrUYwEb3RGmo9XCgVk7nzu8LEJ3D7
7768809,2021-11-19T09:08:42+00:00,1.0041999987,16R29N4UR8UZbiaNTHiwrUYwEb3RGmo9XCgVk7nzu8LEJ3D7,12k6zoi7L6Jd2oCVek7Zktj8CHY2yoY6nxZThDZK7mdWP6Sr
7768672,2021-11-19T08:55:00+00:00,32498.96,16R29N4UR8UZbiaNTHiwrUYwEb3RGmo9XCgVk7nzu8LEJ3D7,148fP7zCq1JErXCy92PkNam4KZNcroG9zbbiPwMB1qehgeT4
7768641,2021-11-19T08:51:54+00:00,32500.0,12xtAYsRUrmbniiWQqJtECiBQrMn8AypQcXhnQAc6RB6XkLW,16R29N4UR8UZbiaNTHiwrUYwEb3RGmo9XCgVk7nzu8LEJ3D7
7755654,2021-11-18T11:11:42+00:00,1.0041999987,16R29N4UR8UZbiaNTHiwrUYwEb3RGmo9XCgVk7nzu8LEJ3D7,1BAitQj5xequxDyKaB1tqQ3D1k3vdSUM3geGfbSDnv87pX1
7755506,2021-11-18T10:56:54+00:00,29998.91,16R29N4UR8UZbiaNTHiwrUYwEb3RGmo9XCgVk7nzu8LEJ3D7,12P4Y3hV6r2D7A7saeC9JVfjVpxA757AeDJrGT7u9T6t6KwR
7755478,2021-11-18T10:54:06+00:00,29999.95,12xtAYsRUrmbniiWQqJtECiBQrMn8AypQcXhnQAc6RB6XkLW,16R29N4UR8UZbiaNTHiwrUYwEb3RGmo9XCgVk7nzu8LEJ3D7
7754989,2021-11-18T10:05:12+00:00,1.0041999987,16R29N4UR8UZbiaNTHiwrUYwEb3RGmo9XCgVk7nzu8LEJ3D7,144HGaYrSdK3543bi26vT6Rd8Bg7pLPMipJNr2WLc3NuHgD2
7754834,2021-11-18T09:49:42+00:00,29998.91,16R29N4UR8UZbiaNTHiwrUYwEb3RGmo9XCgVk7nzu8LEJ3D7,16HNPJqej7ECnB4xQWEk1jAgjpsC65pRjAEXoznmQFxxL8cj
7754810,2021-11-18T09:47:18+00:00,29999.95,12xtAYsRUrmbniiWQqJtECiBQrMn8AypQcXhnQAc6RB6XkLW,16R29N4UR8UZbiaNTHiwrUYwEb3RGmo9XCgVk7nzu8LEJ3D7
7740164,2021-11-17T09:20:48+00:00,1.0041999987,16R29N4UR8UZbiaNTHiwrUYwEb3RGmo9XCgVk7nzu8LEJ3D7,12k6zoi7L6Jd2oCVek7Zktj8CHY2yoY6nxZThDZK7mdWP6Sr
7740014,2021-11-17T09:05:48+00:00,39998.91,16R29N4UR8UZbiaNTHiwrUYwEb3RGmo9XCgVk7nzu8LEJ3D7,12P4Y3hV6r2D7A7saeC9JVfjVpxA757AeDJrGT7u9T6t6KwR
7739990,2021-11-17T09:03:24+00:00,39999.95,12xtAYsRUrmbniiWQqJtECiBQrMn8AypQcXhnQAc6RB6XkLW,16R29N4UR8UZbiaNTHiwrUYwEb3RGmo9XCgVk7nzu8LEJ3D7
7717440,2021-11-15T19:27:42+00:00,1.0042999987,16R29N4UR8UZbiaNTHiwrUYwEb3RGmo9XCgVk7nzu8LEJ3D7,148fP7zCq1JErXCy92PkNam4KZNcroG9zbbiPwMB1qehgeT4
7717290,2021-11-15T19:12:42+00:00,25013.77701394,16R29N4UR8UZbiaNTHiwrUYwEb3RGmo9XCgVk7nzu8LEJ3D7,144HGaYrSdK3543bi26vT6Rd8Bg7pLPMipJNr2WLc3NuHgD2
7717264,2021-11-15T19:10:06+00:00,25014.81701394,12xtAYsRUrmbniiWQqJtECiBQrMn8AypQcXhnQAc6RB6XkLW,16R29N4UR8UZbiaNTHiwrUYwEb3RGmo9XCgVk7nzu8LEJ3D7
7716740,2021-11-15T18:17:42+00:00,1.0041999987,16R29N4UR8UZbiaNTHiwrUYwEb3RGmo9XCgVk7nzu8LEJ3D7,144HGaYrSdK3543bi26vT6Rd8Bg7pLPMipJNr2WLc3NuHgD2
7716590,2021-11-15T18:02:42+00:00,38198.96,16R29N4UR8UZbiaNTHiwrUYwEb3RGmo9XCgVk7nzu8LEJ3D7,148fP7zCq1JErXCy92PkNam4KZNcroG9zbbiPwMB1qehgeT4
7716565,2021-11-15T18:00:12+00:00,38200.0,12xtAYsRUrmbniiWQqJtECiBQrMn8AypQcXhnQAc6RB6XkLW,16R29N4UR8UZbiaNTHiwrUYwEb3RGmo9XCgVk7nzu8LEJ3D7
7698071,2021-11-14T11:09:42+00:00,1.0041999987,16R29N4UR8UZbiaNTHiwrUYwEb3RGmo9XCgVk7nzu8LEJ3D7,1BAitQj5xequxDyKaB1tqQ3D1k3vdSUM3geGfbSDnv87pX1
7697931,2021-11-14T10:55:42+00:00,37136.03165623,16R29N4UR8UZbiaNTHiwrUYwEb3RGmo9XCgVk7nzu8LEJ3D7,157PD8GV7pJNMwN2zCEuchRyPCMeRoVtwzNdry4XjedkB2KR
7697901,2021-11-14T10:52:42+00:00,37137.07165623,12xtAYsRUrmbniiWQqJtECiBQrMn8AypQcXhnQAc6RB6XkLW,16R29N4UR8UZbiaNTHiwrUYwEb3RGmo9XCgVk7nzu8LEJ3D7
7667310,2021-11-12T07:51:42+00:00,1.0041999987,16R29N4UR8UZbiaNTHiwrUYwEb3RGmo9XCgVk7nzu8LEJ3D7,148fP7zCq1JErXCy92PkNam4KZNcroG9zbbiPwMB1qehgeT4
7667160,2021-11-12T07:36:42+00:00,30025.75885215,16R29N4UR8UZbiaNTHiwrUYwEb3RGmo9XCgVk7nzu8LEJ3D7,16HNPJqej7ECnB4xQWEk1jAgjpsC65pRjAEXoznmQFxxL8cj
7667130,2021-11-12T07:33:42+00:00,30026.79885215,12xtAYsRUrmbniiWQqJtECiBQrMn8AypQcXhnQAc6RB6XkLW,16R29N4UR8UZbiaNTHiwrUYwEb3RGmo9XCgVk7nzu8LEJ3D7
7654482,2021-11-11T10:28:42+00:00,1.0041999987,16R29N4UR8UZbiaNTHiwrUYwEb3RGmo9XCgVk7nzu8LEJ3D7,144HGaYrSdK3543bi26vT6Rd8Bg7pLPMipJNr2WLc3NuHgD2
7654332,2021-11-11T10:13:42+00:00,49998.91,16R29N4UR8UZbiaNTHiwrUYwEb3RGmo9XCgVk7nzu8LEJ3D7,148fP7zCq1JErXCy92PkNam4KZNcroG9zbbiPwMB1qehgeT4
7654305,2021-11-11T10:11:00+00:00,49999.95,12xtAYsRUrmbniiWQqJtECiBQrMn8AypQcXhnQAc6RB6XkLW,16R29N4UR8UZbiaNTHiwrUYwEb3RGmo9XCgVk7nzu8LEJ3D7
7628980,2021-11-09T15:12:42+00:00,1.0041999987,16R29N4UR8UZbiaNTHiwrUYwEb3RGmo9XCgVk7nzu8LEJ3D7,157PD8GV7pJNMwN2zCEuchRyPCMeRoVtwzNdry4XjedkB2KR
7628834,2021-11-09T14:57:42+00:00,29998.91,16R29N4UR8UZbiaNTHiwrUYwEb3RGmo9XCgVk7nzu8LEJ3D7,129fZmvLJcVXJa36p9jmvJWgEFpfvgJXNVDB91fB6FcbTEwb
7628813,2021-11-09T14:55:36+00:00,29999.95,12xtAYsRUrmbniiWQqJtECiBQrMn8AypQcXhnQAc6RB6XkLW,16R29N4UR8UZbiaNTHiwrUYwEb3RGmo9XCgVk7nzu8LEJ3D7
7627978,2021-11-09T13:30:42+00:00,1.0042999987,16R29N4UR8UZbiaNTHiwrUYwEb3RGmo9XCgVk7nzu8LEJ3D7,129fZmvLJcVXJa36p9jmvJWgEFpfvgJXNVDB91fB6FcbTEwb
7627830,2021-11-09T13:15:42+00:00,19998.91,16R29N4UR8UZbiaNTHiwrUYwEb3RGmo9XCgVk7nzu8LEJ3D7,148fP7zCq1JErXCy92PkNam4KZNcroG9zbbiPwMB1qehgeT4
7627806,2021-11-09T13:13:18+00:00,19999.95,12xtAYsRUrmbniiWQqJtECiBQrMn8AypQcXhnQAc6RB6XkLW,16R29N4UR8UZbiaNTHiwrUYwEb3RGmo9XCgVk7nzu8LEJ3D7
7625868,2021-11-09T09:56:42+00:00,1.0041999987,16R29N4UR8UZbiaNTHiwrUYwEb3RGmo9XCgVk7nzu8LEJ3D7,12P4Y3hV6r2D7A7saeC9JVfjVpxA757AeDJrGT7u9T6t6KwR
7625721,2021-11-09T09:41:48+00:00,44998.91,16R29N4UR8UZbiaNTHiwrUYwEb3RGmo9XCgVk7nzu8LEJ3D7,16HNPJqej7ECnB4xQWEk1jAgjpsC65pRjAEXoznmQFxxL8cj
7625694,2021-11-09T09:39:06+00:00,44999.95,12xtAYsRUrmbniiWQqJtECiBQrMn8AypQcXhnQAc6RB6XkLW,16R29N4UR8UZbiaNTHiwrUYwEb3RGmo9XCgVk7nzu8LEJ3D7
7617181,2021-11-08T19:14:54+00:00,1.0041999987,16R29N4UR8UZbiaNTHiwrUYwEb3RGmo9XCgVk7nzu8LEJ3D7,12k6zoi7L6Jd2oCVek7Zktj8CHY2yoY6nxZThDZK7mdWP6Sr
7617037,2021-11-08T18:59:54+00:00,28815.3786422,16R29N4UR8UZbiaNTHiwrUYwEb3RGmo9XCgVk7nzu8LEJ3D7,144HGaYrSdK3543bi26vT6Rd8Bg7pLPMipJNr2WLc3NuHgD2
7617007,2021-11-08T18:56:54+00:00,28816.4186422,12xtAYsRUrmbniiWQqJtECiBQrMn8AypQcXhnQAc6RB6XkLW,16R29N4UR8UZbiaNTHiwrUYwEb3RGmo9XCgVk7nzu8LEJ3D7
7615474,2021-11-08T16:20:42+00:00,1.0042999987,16R29N4UR8UZbiaNTHiwrUYwEb3RGmo9XCgVk7nzu8LEJ3D7,16HNPJqej7ECnB4xQWEk1jAgjpsC65pRjAEXoznmQFxxL8cj
7615327,2021-11-08T16:05:42+00:00,21560.40043411,16R29N4UR8UZbiaNTHiwrUYwEb3RGmo9XCgVk7nzu8LEJ3D7,157PD8GV7pJNMwN2zCEuchRyPCMeRoVtwzNdry4XjedkB2KR
7615298,2021-11-08T16:02:49+00:00,21561.44043411,12xtAYsRUrmbniiWQqJtECiBQrMn8AypQcXhnQAc6RB6XkLW,16R29N4UR8UZbiaNTHiwrUYwEb3RGmo9XCgVk7nzu8LEJ3D7
7597824,2021-11-07T10:29:48+00:00,1.0041999987,16R29N4UR8UZbiaNTHiwrUYwEb3RGmo9XCgVk7nzu8LEJ3D7,12P4Y3hV6r2D7A7saeC9JVfjVpxA757AeDJrGT7u9T6t6KwR
7597674,2021-11-07T10:14:42+00:00,29998.91,16R29N4UR8UZbiaNTHiwrUYwEb3RGmo9XCgVk7nzu8LEJ3D7,12k6zoi7L6Jd2oCVek7Zktj8CHY2yoY6nxZThDZK7mdWP6Sr
7597649,2021-11-07T10:12:12+00:00,29999.95,12xtAYsRUrmbniiWQqJtECiBQrMn8AypQcXhnQAc6RB6XkLW,16R29N4UR8UZbiaNTHiwrUYwEb3RGmo9XCgVk7nzu8LEJ3D7
7568437,2021-11-05T08:59:42+00:00,1.0041999987,16R29N4UR8UZbiaNTHiwrUYwEb3RGmo9XCgVk7nzu8LEJ3D7,1BAitQj5xequxDyKaB1tqQ3D1k3vdSUM3geGfbSDnv87pX1
7568289,2021-11-05T08:44:42+00:00,69998.91,16R29N4UR8UZbiaNTHiwrUYwEb3RGmo9XCgVk7nzu8LEJ3D7,144HGaYrSdK3543bi26vT6Rd8Bg7pLPMipJNr2WLc3NuHgD2
7568267,2021-11-05T08:42:30+00:00,69999.95,12xtAYsRUrmbniiWQqJtECiBQrMn8AypQcXhnQAc6RB6XkLW,16R29N4UR8UZbiaNTHiwrUYwEb3RGmo9XCgVk7nzu8LEJ3D7
7555008,2021-11-04T10:16:54+00:00,1.0041999986,16R29N4UR8UZbiaNTHiwrUYwEb3RGmo9XCgVk7nzu8LEJ3D7,148fP7zCq1JErXCy92PkNam4KZNcroG9zbbiPwMB1qehgeT4
7554859,2021-11-04T10:01:54+00:00,29998.91,16R29N4UR8UZbiaNTHiwrUYwEb3RGmo9XCgVk7nzu8LEJ3D7,157PD8GV7pJNMwN2zCEuchRyPCMeRoVtwzNdry4XjedkB2KR
7554831,2021-11-04T09:59:06+00:00,29999.95,12xtAYsRUrmbniiWQqJtECiBQrMn8AypQcXhnQAc6RB6XkLW,16R29N4UR8UZbiaNTHiwrUYwEb3RGmo9XCgVk7nzu8LEJ3D7
7547156,2021-11-03T21:07:44+00:00,1.0041999986,16R29N4UR8UZbiaNTHiwrUYwEb3RGmo9XCgVk7nzu8LEJ3D7,144HGaYrSdK3543bi26vT6Rd8Bg7pLPMipJNr2WLc3NuHgD2
7547008,2021-11-03T20:52:48+00:00,49998.91,16R29N4UR8UZbiaNTHiwrUYwEb3RGmo9XCgVk7nzu8LEJ3D7,12P4Y3hV6r2D7A7saeC9JVfjVpxA757AeDJrGT7u9T6t6KwR
7546985,2021-11-03T20:50:24+00:00,49999.95,12xtAYsRUrmbniiWQqJtECiBQrMn8AypQcXhnQAc6RB6XkLW,16R29N4UR8UZbiaNTHiwrUYwEb3RGmo9XCgVk7nzu8LEJ3D7
7540035,2021-11-03T09:11:37+00:00,1.0041999986,16R29N4UR8UZbiaNTHiwrUYwEb3RGmo9XCgVk7nzu8LEJ3D7,16HNPJqej7ECnB4xQWEk1jAgjpsC65pRjAEXoznmQFxxL8cj
7539737,2021-11-03T08:41:42+00:00,29998.91,16R29N4UR8UZbiaNTHiwrUYwEb3RGmo9XCgVk7nzu8LEJ3D7,12k6zoi7L6Jd2oCVek7Zktj8CHY2yoY6nxZThDZK7mdWP6Sr
7539712,2021-11-03T08:39:12+00:00,29999.95,12xtAYsRUrmbniiWQqJtECiBQrMn8AypQcXhnQAc6RB6XkLW,16R29N4UR8UZbiaNTHiwrUYwEb3RGmo9XCgVk7nzu8LEJ3D7
7528174,2021-11-02T13:20:42+00:00,1.0041999986,16R29N4UR8UZbiaNTHiwrUYwEb3RGmo9XCgVk7nzu8LEJ3D7,12k6zoi7L6Jd2oCVek7Zktj8CHY2yoY6nxZThDZK7mdWP6Sr
7528027,2021-11-02T13:05:48+00:00,49998.91,16R29N4UR8UZbiaNTHiwrUYwEb3RGmo9XCgVk7nzu8LEJ3D7,12P4Y3hV6r2D7A7saeC9JVfjVpxA757AeDJrGT7u9T6t6KwR
7527999,2021-11-02T13:03:00+00:00,49999.95,12xtAYsRUrmbniiWQqJtECiBQrMn8AypQcXhnQAc6RB6XkLW,16R29N4UR8UZbiaNTHiwrUYwEb3RGmo9XCgVk7nzu8LEJ3D7
7519279,2021-11-01T22:24:42+00:00,1.0042999986,16R29N4UR8UZbiaNTHiwrUYwEb3RGmo9XCgVk7nzu8LEJ3D7,1BAitQj5xequxDyKaB1tqQ3D1k3vdSUM3geGfbSDnv87pX1
7519130,2021-11-01T22:09:48+00:00,19862.28477416,16R29N4UR8UZbiaNTHiwrUYwEb3RGmo9XCgVk7nzu8LEJ3D7,129fZmvLJcVXJa36p9jmvJWgEFpfvgJXNVDB91fB6FcbTEwb
7519098,2021-11-01T22:06:36+00:00,19863.32477416,12xtAYsRUrmbniiWQqJtECiBQrMn8AypQcXhnQAc6RB6XkLW,16R29N4UR8UZbiaNTHiwrUYwEb3RGmo9XCgVk7nzu8LEJ3D7
7516845,2021-11-01T18:19:48+00:00,1.0041999986,16R29N4UR8UZbiaNTHiwrUYwEb3RGmo9XCgVk7nzu8LEJ3D7,12P4Y3hV6r2D7A7saeC9JVfjVpxA757AeDJrGT7u9T6t6KwR
7516701,2021-11-01T18:05:24+00:00,34988.41093088,16R29N4UR8UZbiaNTHiwrUYwEb3RGmo9XCgVk7nzu8LEJ3D7,148fP7zCq1JErXCy92PkNam4KZNcroG9zbbiPwMB1qehgeT4
7516666,2021-11-01T18:01:54+00:00,34989.45093088,12xtAYsRUrmbniiWQqJtECiBQrMn8AypQcXhnQAc6RB6XkLW,16R29N4UR8UZbiaNTHiwrUYwEb3RGmo9XCgVk7nzu8LEJ3D7
7482799,2021-10-30T09:05:42+00:00,1.0041999986,16R29N4UR8UZbiaNTHiwrUYwEb3RGmo9XCgVk7nzu8LEJ3D7,12P4Y3hV6r2D7A7saeC9JVfjVpxA757AeDJrGT7u9T6t6KwR
7482650,2021-10-30T08:50:42+00:00,35296.62889452,16R29N4UR8UZbiaNTHiwrUYwEb3RGmo9XCgVk7nzu8LEJ3D7,1BAitQj5xequxDyKaB1tqQ3D1k3vdSUM3geGfbSDnv87pX1
7482627,2021-10-30T08:48:24+00:00,35297.66889452,12xtAYsRUrmbniiWQqJtECiBQrMn8AypQcXhnQAc6RB6XkLW,16R29N4UR8UZbiaNTHiwrUYwEb3RGmo9XCgVk7nzu8LEJ3D7
7454204,2021-10-28T09:00:42+00:00,1.0042999986,16R29N4UR8UZbiaNTHiwrUYwEb3RGmo9XCgVk7nzu8LEJ3D7,148fP7zCq1JErXCy92PkNam4KZNcroG9zbbiPwMB1qehgeT4
7454054,2021-10-28T08:45:42+00:00,9998.91,16R29N4UR8UZbiaNTHiwrUYwEb3RGmo9XCgVk7nzu8LEJ3D7,1BAitQj5xequxDyKaB1tqQ3D1k3vdSUM3geGfbSDnv87pX1
7454028,2021-10-28T08:42:54+00:00,9999.95,12xtAYsRUrmbniiWQqJtECiBQrMn8AypQcXhnQAc6RB6XkLW,16R29N4UR8UZbiaNTHiwrUYwEb3RGmo9XCgVk7nzu8LEJ3D7
7438747,2021-10-27T07:03:42+00:00,1.0042999986,16R29N4UR8UZbiaNTHiwrUYwEb3RGmo9XCgVk7nzu8LEJ3D7,129fZmvLJcVXJa36p9jmvJWgEFpfvgJXNVDB91fB6FcbTEwb
7438600,2021-10-27T06:48:54+00:00,19998.91,16R29N4UR8UZbiaNTHiwrUYwEb3RGmo9XCgVk7nzu8LEJ3D7,144HGaYrSdK3543bi26vT6Rd8Bg7pLPMipJNr2WLc3NuHgD2
7438572,2021-10-27T06:46:06+00:00,19999.95,12xtAYsRUrmbniiWQqJtECiBQrMn8AypQcXhnQAc6RB6XkLW,16R29N4UR8UZbiaNTHiwrUYwEb3RGmo9XCgVk7nzu8LEJ3D7
7416913,2021-10-25T18:27:42+00:00,1.0042999986,16R29N4UR8UZbiaNTHiwrUYwEb3RGmo9XCgVk7nzu8LEJ3D7,16HNPJqej7ECnB4xQWEk1jAgjpsC65pRjAEXoznmQFxxL8cj
7416763,2021-10-25T18:12:42+00:00,20933.83114968,16R29N4UR8UZbiaNTHiwrUYwEb3RGmo9XCgVk7nzu8LEJ3D7,12P4Y3hV6r2D7A7saeC9JVfjVpxA757AeDJrGT7u9T6t6KwR
7416742,2021-10-25T18:10:36+00:00,20934.87114968,12xtAYsRUrmbniiWQqJtECiBQrMn8AypQcXhnQAc6RB6XkLW,16R29N4UR8UZbiaNTHiwrUYwEb3RGmo9XCgVk7nzu8LEJ3D7
7410419,2021-10-25T07:34:42+00:00,1.0042999986,16R29N4UR8UZbiaNTHiwrUYwEb3RGmo9XCgVk7nzu8LEJ3D7,157PD8GV7pJNMwN2zCEuchRyPCMeRoVtwzNdry4XjedkB2KR
7410272,2021-10-25T07:19:54+00:00,19998.91,16R29N4UR8UZbiaNTHiwrUYwEb3RGmo9XCgVk7nzu8LEJ3D7,129fZmvLJcVXJa36p9jmvJWgEFpfvgJXNVDB91fB6FcbTEwb
7410245,2021-10-25T07:17:12+00:00,19999.95,12xtAYsRUrmbniiWQqJtECiBQrMn8AypQcXhnQAc6RB6XkLW,16R29N4UR8UZbiaNTHiwrUYwEb3RGmo9XCgVk7nzu8LEJ3D7
7397284,2021-10-24T09:33:36+00:00,1.0041999986,16R29N4UR8UZbiaNTHiwrUYwEb3RGmo9XCgVk7nzu8LEJ3D7,157PD8GV7pJNMwN2zCEuchRyPCMeRoVtwzNdry4XjedkB2KR
7397137,2021-10-24T09:18:54+00:00,29367.42153548,16R29N4UR8UZbiaNTHiwrUYwEb3RGmo9XCgVk7nzu8LEJ3D7,148fP7zCq1JErXCy92PkNam4KZNcroG9zbbiPwMB1qehgeT4
7397113,2021-10-24T09:16:30+00:00,29368.46153548,12xtAYsRUrmbniiWQqJtECiBQrMn8AypQcXhnQAc6RB6XkLW,16R29N4UR8UZbiaNTHiwrUYwEb3RGmo9XCgVk7nzu8LEJ3D7
7370120,2021-10-22T11:59:42+00:00,1.0041999986,16R29N4UR8UZbiaNTHiwrUYwEb3RGmo9XCgVk7nzu8LEJ3D7,12P4Y3hV6r2D7A7saeC9JVfjVpxA757AeDJrGT7u9T6t6KwR
7369970,2021-10-22T11:44:42+00:00,39822.79185198,16R29N4UR8UZbiaNTHiwrUYwEb3RGmo9XCgVk7nzu8LEJ3D7,144HGaYrSdK3543bi26vT6Rd8Bg7pLPMipJNr2WLc3NuHgD2
7369941,2021-10-22T11:41:48+00:00,39823.83185198,12xtAYsRUrmbniiWQqJtECiBQrMn8AypQcXhnQAc6RB6XkLW,16R29N4UR8UZbiaNTHiwrUYwEb3RGmo9XCgVk7nzu8LEJ3D7
7352926,2021-10-21T07:14:42+00:00,1.0041999986,16R29N4UR8UZbiaNTHiwrUYwEb3RGmo9XCgVk7nzu8LEJ3D7,16HNPJqej7ECnB4xQWEk1jAgjpsC65pRjAEXoznmQFxxL8cj
7352776,2021-10-21T06:59:36+00:00,79998.91,16R29N4UR8UZbiaNTHiwrUYwEb3RGmo9XCgVk7nzu8LEJ3D7,129fZmvLJcVXJa36p9jmvJWgEFpfvgJXNVDB91fB6FcbTEwb
7352749,2021-10-21T06:56:54+00:00,79999.95,12xtAYsRUrmbniiWQqJtECiBQrMn8AypQcXhnQAc6RB6XkLW,16R29N4UR8UZbiaNTHiwrUYwEb3RGmo9XCgVk7nzu8LEJ3D7
7345558,2021-10-20T18:54:48+00:00,1.0042999986,16R29N4UR8UZbiaNTHiwrUYwEb3RGmo9XCgVk7nzu8LEJ3D7,144HGaYrSdK3543bi26vT6Rd8Bg7pLPMipJNr2WLc3NuHgD2
7345408,2021-10-20T18:39:42+00:00,14998.91,16R29N4UR8UZbiaNTHiwrUYwEb3RGmo9XCgVk7nzu8LEJ3D7,148fP7zCq1JErXCy92PkNam4KZNcroG9zbbiPwMB1qehgeT4
7345385,2021-10-20T18:37:24+00:00,14999.95,12xtAYsRUrmbniiWQqJtECiBQrMn8AypQcXhnQAc6RB6XkLW,16R29N4UR8UZbiaNTHiwrUYwEb3RGmo9XCgVk7nzu8LEJ3D7
7344980,2021-10-20T17:56:48+00:00,1.0041999986,16R29N4UR8UZbiaNTHiwrUYwEb3RGmo9XCgVk7nzu8LEJ3D7,144HGaYrSdK3543bi26vT6Rd8Bg7pLPMipJNr2WLc3NuHgD2
7344831,2021-10-20T17:41:42+00:00,37998.96,16R29N4UR8UZbiaNTHiwrUYwEb3RGmo9XCgVk7nzu8LEJ3D7,12k6zoi7L6Jd2oCVek7Zktj8CHY2yoY6nxZThDZK7mdWP6Sr
7344808,2021-10-20T17:39:24+00:00,38000.0,12xtAYsRUrmbniiWQqJtECiBQrMn8AypQcXhnQAc6RB6XkLW,16R29N4UR8UZbiaNTHiwrUYwEb3RGmo9XCgVk7nzu8LEJ3D7
7343911,2021-10-20T16:09:42+00:00,1.0041999986,16R29N4UR8UZbiaNTHiwrUYwEb3RGmo9XCgVk7nzu8LEJ3D7,12k6zoi7L6Jd2oCVek7Zktj8CHY2yoY6nxZThDZK7mdWP6Sr
7343761,2021-10-20T15:54:42+00:00,29998.91,16R29N4UR8UZbiaNTHiwrUYwEb3RGmo9XCgVk7nzu8LEJ3D7,129fZmvLJcVXJa36p9jmvJWgEFpfvgJXNVDB91fB6FcbTEwb
7343734,2021-10-20T15:52:00+00:00,29999.95,12xtAYsRUrmbniiWQqJtECiBQrMn8AypQcXhnQAc6RB6XkLW,16R29N4UR8UZbiaNTHiwrUYwEb3RGmo9XCgVk7nzu8LEJ3D7
7327114,2021-10-19T12:05:42+00:00,1.0041999986,16R29N4UR8UZbiaNTHiwrUYwEb3RGmo9XCgVk7nzu8LEJ3D7,16HNPJqej7ECnB4xQWEk1jAgjpsC65pRjAEXoznmQFxxL8cj
7326974,2021-10-19T11:51:42+00:00,69998.91,16R29N4UR8UZbiaNTHiwrUYwEb3RGmo9XCgVk7nzu8LEJ3D7,12P4Y3hV6r2D7A7saeC9JVfjVpxA757AeDJrGT7u9T6t6KwR
7326944,2021-10-19T11:48:36+00:00,69999.95,12xtAYsRUrmbniiWQqJtECiBQrMn8AypQcXhnQAc6RB6XkLW,16R29N4UR8UZbiaNTHiwrUYwEb3RGmo9XCgVk7nzu8LEJ3D7
7318147,2021-10-18T21:08:42+00:00,1.0042999986,16R29N4UR8UZbiaNTHiwrUYwEb3RGmo9XCgVk7nzu8LEJ3D7,1BAitQj5xequxDyKaB1tqQ3D1k3vdSUM3geGfbSDnv87pX1
7317997,2021-10-18T20:53:42+00:00,21998.91,16R29N4UR8UZbiaNTHiwrUYwEb3RGmo9XCgVk7nzu8LEJ3D7,16HNPJqej7ECnB4xQWEk1jAgjpsC65pRjAEXoznmQFxxL8cj
7317976,2021-10-18T20:51:36+00:00,21999.95,12xtAYsRUrmbniiWQqJtECiBQrMn8AypQcXhnQAc6RB6XkLW,16R29N4UR8UZbiaNTHiwrUYwEb3RGmo9XCgVk7nzu8LEJ3D7
7316599,2021-10-18T18:33:42+00:00,1.0042999986,16R29N4UR8UZbiaNTHiwrUYwEb3RGmo9XCgVk7nzu8LEJ3D7,148fP7zCq1JErXCy92PkNam4KZNcroG9zbbiPwMB1qehgeT4
7316449,2021-10-18T18:18:42+00:00,14998.96,16R29N4UR8UZbiaNTHiwrUYwEb3RGmo9XCgVk7nzu8LEJ3D7,157PD8GV7pJNMwN2zCEuchRyPCMeRoVtwzNdry4XjedkB2KR
7316424,2021-10-18T18:16:12+00:00,15000.0,12xtAYsRUrmbniiWQqJtECiBQrMn8AypQcXhnQAc6RB6XkLW,16R29N4UR8UZbiaNTHiwrUYwEb3RGmo9XCgVk7nzu8LEJ3D7
7285059,2021-10-16T13:57:48+00:00,1.0041999986,16R29N4UR8UZbiaNTHiwrUYwEb3RGmo9XCgVk7nzu8LEJ3D7,12k6zoi7L6Jd2oCVek7Zktj8CHY2yoY6nxZThDZK7mdWP6Sr
7284917,2021-10-16T13:43:36+00:00,44998.91,16R29N4UR8UZbiaNTHiwrUYwEb3RGmo9XCgVk7nzu8LEJ3D7,129fZmvLJcVXJa36p9jmvJWgEFpfvgJXNVDB91fB6FcbTEwb
7284894,2021-10-16T13:41:18+00:00,44999.95,12xtAYsRUrmbniiWQqJtECiBQrMn8AypQcXhnQAc6RB6XkLW,16R29N4UR8UZbiaNTHiwrUYwEb3RGmo9XCgVk7nzu8LEJ3D7
7261274,2021-10-14T22:18:12+00:00,100000.9541999986,16R29N4UR8UZbiaNTHiwrUYwEb3RGmo9XCgVk7nzu8LEJ3D7,16HNPJqej7ECnB4xQWEk1jAgjpsC65pRjAEXoznmQFxxL8cj
7261113,2021-10-14T22:02:06+00:00,59998.91,16R29N4UR8UZbiaNTHiwrUYwEb3RGmo9XCgVk7nzu8LEJ3D7,16HNPJqej7ECnB4xQWEk1jAgjpsC65pRjAEXoznmQFxxL8cj
7259690,2021-10-14T19:39:42+00:00,99999.95,12xtAYsRUrmbniiWQqJtECiBQrMn8AypQcXhnQAc6RB6XkLW,16R29N4UR8UZbiaNTHiwrUYwEb3RGmo9XCgVk7nzu8LEJ3D7
7257854,2021-10-14T16:36:06+00:00,59999.95,12xtAYsRUrmbniiWQqJtECiBQrMn8AypQcXhnQAc6RB6XkLW,16R29N4UR8UZbiaNTHiwrUYwEb3RGmo9XCgVk7nzu8LEJ3D7
7223082,2021-10-12T06:35:30+00:00,1.0041999986,16R29N4UR8UZbiaNTHiwrUYwEb3RGmo9XCgVk7nzu8LEJ3D7,157PD8GV7pJNMwN2zCEuchRyPCMeRoVtwzNdry4XjedkB2KR
7222934,2021-10-12T06:20:42+00:00,29998.96,16R29N4UR8UZbiaNTHiwrUYwEb3RGmo9XCgVk7nzu8LEJ3D7,157PD8GV7pJNMwN2zCEuchRyPCMeRoVtwzNdry4XjedkB2KR
7222910,2021-10-12T06:18:18+00:00,30000.0,12xtAYsRUrmbniiWQqJtECiBQrMn8AypQcXhnQAc6RB6XkLW,16R29N4UR8UZbiaNTHiwrUYwEb3RGmo9XCgVk7nzu8LEJ3D7
7215736,2021-10-11T18:18:36+00:00,1.0042999986,16R29N4UR8UZbiaNTHiwrUYwEb3RGmo9XCgVk7nzu8LEJ3D7,16HNPJqej7ECnB4xQWEk1jAgjpsC65pRjAEXoznmQFxxL8cj
7215595,2021-10-11T18:04:30+00:00,18733.43929791,16R29N4UR8UZbiaNTHiwrUYwEb3RGmo9XCgVk7nzu8LEJ3D7,16HNPJqej7ECnB4xQWEk1jAgjpsC65pRjAEXoznmQFxxL8cj
7215573,2021-10-11T18:02:18+00:00,18734.47929791,12xtAYsRUrmbniiWQqJtECiBQrMn8AypQcXhnQAc6RB6XkLW,16R29N4UR8UZbiaNTHiwrUYwEb3RGmo9XCgVk7nzu8LEJ3D7
7196962,2021-10-10T10:33:36+00:00,1.0041999986,16R29N4UR8UZbiaNTHiwrUYwEb3RGmo9XCgVk7nzu8LEJ3D7,16HNPJqej7ECnB4xQWEk1jAgjpsC65pRjAEXoznmQFxxL8cj
7196817,2021-10-10T10:18:36+00:00,29998.91,16R29N4UR8UZbiaNTHiwrUYwEb3RGmo9XCgVk7nzu8LEJ3D7,157PD8GV7pJNMwN2zCEuchRyPCMeRoVtwzNdry4XjedkB2KR
7196792,2021-10-10T10:15:54+00:00,29999.95,12xtAYsRUrmbniiWQqJtECiBQrMn8AypQcXhnQAc6RB6XkLW,16R29N4UR8UZbiaNTHiwrUYwEb3RGmo9XCgVk7nzu8LEJ3D7
7181902,2021-10-09T08:09:30+00:00,1.0041999986,16R29N4UR8UZbiaNTHiwrUYwEb3RGmo9XCgVk7nzu8LEJ3D7,157PD8GV7pJNMwN2zCEuchRyPCMeRoVtwzNdry4XjedkB2KR
7181752,2021-10-09T07:54:30+00:00,31191.41880549,16R29N4UR8UZbiaNTHiwrUYwEb3RGmo9XCgVk7nzu8LEJ3D7,16HNPJqej7ECnB4xQWEk1jAgjpsC65pRjAEXoznmQFxxL8cj
7181724,2021-10-09T07:51:42+00:00,31192.45880549,12xtAYsRUrmbniiWQqJtECiBQrMn8AypQcXhnQAc6RB6XkLW,16R29N4UR8UZbiaNTHiwrUYwEb3RGmo9XCgVk7nzu8LEJ3D7
7096231,2021-10-03T09:13:30+00:00,1.0041999986,16R29N4UR8UZbiaNTHiwrUYwEb3RGmo9XCgVk7nzu8LEJ3D7,129fZmvLJcVXJa36p9jmvJWgEFpfvgJXNVDB91fB6FcbTEwb
7096081,2021-10-03T08:58:30+00:00,61097.12220196,16R29N4UR8UZbiaNTHiwrUYwEb3RGmo9XCgVk7nzu8LEJ3D7,144HGaYrSdK3543bi26vT6Rd8Bg7pLPMipJNr2WLc3NuHgD2
7096057,2021-10-03T08:56:06+00:00,61098.16220196,12xtAYsRUrmbniiWQqJtECiBQrMn8AypQcXhnQAc6RB6XkLW,16R29N4UR8UZbiaNTHiwrUYwEb3RGmo9XCgVk7nzu8LEJ3D7
7066390,2021-10-01T07:28:30+00:00,1.0041999986,16R29N4UR8UZbiaNTHiwrUYwEb3RGmo9XCgVk7nzu8LEJ3D7,1BAitQj5xequxDyKaB1tqQ3D1k3vdSUM3geGfbSDnv87pX1
7066250,2021-10-01T07:14:30+00:00,49998.96,16R29N4UR8UZbiaNTHiwrUYwEb3RGmo9XCgVk7nzu8LEJ3D7,12k6zoi7L6Jd2oCVek7Zktj8CHY2yoY6nxZThDZK7mdWP6Sr
7066231,2021-10-01T07:12:36+00:00,50000.0,12xtAYsRUrmbniiWQqJtECiBQrMn8AypQcXhnQAc6RB6XkLW,16R29N4UR8UZbiaNTHiwrUYwEb3RGmo9XCgVk7nzu8LEJ3D7
7041275,2021-09-29T13:35:36+00:00,1.0041999986,16R29N4UR8UZbiaNTHiwrUYwEb3RGmo9XCgVk7nzu8LEJ3D7,129fZmvLJcVXJa36p9jmvJWgEFpfvgJXNVDB91fB6FcbTEwb
7041126,2021-09-29T13:20:36+00:00,49998.91,16R29N4UR8UZbiaNTHiwrUYwEb3RGmo9XCgVk7nzu8LEJ3D7,12P4Y3hV6r2D7A7saeC9JVfjVpxA757AeDJrGT7u9T6t6KwR
7041106,2021-09-29T13:18:36+00:00,49999.95,12xtAYsRUrmbniiWQqJtECiBQrMn8AypQcXhnQAc6RB6XkLW,16R29N4UR8UZbiaNTHiwrUYwEb3RGmo9XCgVk7nzu8LEJ3D7
7009165,2021-09-27T08:00:30+00:00,55000.9544999986,16R29N4UR8UZbiaNTHiwrUYwEb3RGmo9XCgVk7nzu8LEJ3D7,157PD8GV7pJNMwN2zCEuchRyPCMeRoVtwzNdry4XjedkB2KR
7009072,2021-09-27T07:51:12+00:00,54999.95,12xtAYsRUrmbniiWQqJtECiBQrMn8AypQcXhnQAc6RB6XkLW,16R29N4UR8UZbiaNTHiwrUYwEb3RGmo9XCgVk7nzu8LEJ3D7
7009025,2021-09-27T07:46:30+00:00,0.41,16R29N4UR8UZbiaNTHiwrUYwEb3RGmo9XCgVk7nzu8LEJ3D7,157PD8GV7pJNMwN2zCEuchRyPCMeRoVtwzNdry4XjedkB2KR
7009005,2021-09-27T07:44:30+00:00,1.45,12xtAYsRUrmbniiWQqJtECiBQrMn8AypQcXhnQAc6RB6XkLW,16R29N4UR8UZbiaNTHiwrUYwEb3RGmo9XCgVk7nzu8LEJ3D7
6915954,2021-09-20T20:37:30+00:00,1.0041999986,16R29N4UR8UZbiaNTHiwrUYwEb3RGmo9XCgVk7nzu8LEJ3D7,16HNPJqej7ECnB4xQWEk1jAgjpsC65pRjAEXoznmQFxxL8cj
6915804,2021-09-20T20:22:30+00:00,149998.91,16R29N4UR8UZbiaNTHiwrUYwEb3RGmo9XCgVk7nzu8LEJ3D7,1BAitQj5xequxDyKaB1tqQ3D1k3vdSUM3geGfbSDnv87pX1
6915777,2021-09-20T20:19:48+00:00,149999.95,12xtAYsRUrmbniiWQqJtECiBQrMn8AypQcXhnQAc6RB6XkLW,16R29N4UR8UZbiaNTHiwrUYwEb3RGmo9XCgVk7nzu8LEJ3D7
6915515,2021-09-20T19:53:36+00:00,1.0041999986,16R29N4UR8UZbiaNTHiwrUYwEb3RGmo9XCgVk7nzu8LEJ3D7,144HGaYrSdK3543bi26vT6Rd8Bg7pLPMipJNr2WLc3NuHgD2
6915364,2021-09-20T19:38:30+00:00,79998.91,16R29N4UR8UZbiaNTHiwrUYwEb3RGmo9XCgVk7nzu8LEJ3D7,129fZmvLJcVXJa36p9jmvJWgEFpfvgJXNVDB91fB6FcbTEwb
6915343,2021-09-20T19:36:24+00:00,79999.95,12xtAYsRUrmbniiWQqJtECiBQrMn8AypQcXhnQAc6RB6XkLW,16R29N4UR8UZbiaNTHiwrUYwEb3RGmo9XCgVk7nzu8LEJ3D7
6883727,2021-09-18T14:54:30+00:00,1.0041999986,16R29N4UR8UZbiaNTHiwrUYwEb3RGmo9XCgVk7nzu8LEJ3D7,148fP7zCq1JErXCy92PkNam4KZNcroG9zbbiPwMB1qehgeT4
6883588,2021-09-18T14:40:36+00:00,39998.96,16R29N4UR8UZbiaNTHiwrUYwEb3RGmo9XCgVk7nzu8LEJ3D7,12P4Y3hV6r2D7A7saeC9JVfjVpxA757AeDJrGT7u9T6t6KwR
6883567,2021-09-18T14:38:30+00:00,40000.0,12xtAYsRUrmbniiWQqJtECiBQrMn8AypQcXhnQAc6RB6XkLW,16R29N4UR8UZbiaNTHiwrUYwEb3RGmo9XCgVk7nzu8LEJ3D7
6853386,2021-09-16T12:19:30+00:00,1.0042999986,16R29N4UR8UZbiaNTHiwrUYwEb3RGmo9XCgVk7nzu8LEJ3D7,1BAitQj5xequxDyKaB1tqQ3D1k3vdSUM3geGfbSDnv87pX1
6853237,2021-09-16T12:04:36+00:00,9998.91,16R29N4UR8UZbiaNTHiwrUYwEb3RGmo9XCgVk7nzu8LEJ3D7,157PD8GV7pJNMwN2zCEuchRyPCMeRoVtwzNdry4XjedkB2KR
6853216,2021-09-16T12:02:30+00:00,9999.95,12xtAYsRUrmbniiWQqJtECiBQrMn8AypQcXhnQAc6RB6XkLW,16R29N4UR8UZbiaNTHiwrUYwEb3RGmo9XCgVk7nzu8LEJ3D7
6836867,2021-09-15T08:45:42+00:00,1.0042999986,16R29N4UR8UZbiaNTHiwrUYwEb3RGmo9XCgVk7nzu8LEJ3D7,12k6zoi7L6Jd2oCVek7Zktj8CHY2yoY6nxZThDZK7mdWP6Sr
6836725,2021-09-15T08:31:30+00:00,19998.91,16R29N4UR8UZbiaNTHiwrUYwEb3RGmo9XCgVk7nzu8LEJ3D7,16HNPJqej7ECnB4xQWEk1jAgjpsC65pRjAEXoznmQFxxL8cj
6836704,2021-09-15T08:29:24+00:00,19999.95,12xtAYsRUrmbniiWQqJtECiBQrMn8AypQcXhnQAc6RB6XkLW,16R29N4UR8UZbiaNTHiwrUYwEb3RGmo9XCgVk7nzu8LEJ3D7
6826878,2021-09-14T16:03:30+00:00,32200.9541999986,16R29N4UR8UZbiaNTHiwrUYwEb3RGmo9XCgVk7nzu8LEJ3D7,1BAitQj5xequxDyKaB1tqQ3D1k3vdSUM3geGfbSDnv87pX1
6826815,2021-09-14T15:57:12+00:00,32199.95,12xtAYsRUrmbniiWQqJtECiBQrMn8AypQcXhnQAc6RB6XkLW,16R29N4UR8UZbiaNTHiwrUYwEb3RGmo9XCgVk7nzu8LEJ3D7
6826728,2021-09-14T15:48:30+00:00,119998.96,16R29N4UR8UZbiaNTHiwrUYwEb3RGmo9XCgVk7nzu8LEJ3D7,144HGaYrSdK3543bi26vT6Rd8Bg7pLPMipJNr2WLc3NuHgD2
6826706,2021-09-14T15:46:18+00:00,120000.0,12xtAYsRUrmbniiWQqJtECiBQrMn8AypQcXhnQAc6RB6XkLW,16R29N4UR8UZbiaNTHiwrUYwEb3RGmo9XCgVk7nzu8LEJ3D7
6824578,2021-09-14T12:13:30+00:00,1.0042999986,16R29N4UR8UZbiaNTHiwrUYwEb3RGmo9XCgVk7nzu8LEJ3D7,157PD8GV7pJNMwN2zCEuchRyPCMeRoVtwzNdry4XjedkB2KR
6824438,2021-09-14T11:59:30+00:00,19998.91,16R29N4UR8UZbiaNTHiwrUYwEb3RGmo9XCgVk7nzu8LEJ3D7,1BAitQj5xequxDyKaB1tqQ3D1k3vdSUM3geGfbSDnv87pX1
6824419,2021-09-14T11:57:36+00:00,19999.95,12xtAYsRUrmbniiWQqJtECiBQrMn8AypQcXhnQAc6RB6XkLW,16R29N4UR8UZbiaNTHiwrUYwEb3RGmo9XCgVk7nzu8LEJ3D7
6812974,2021-09-13T16:52:30+00:00,1.0041999986,16R29N4UR8UZbiaNTHiwrUYwEb3RGmo9XCgVk7nzu8LEJ3D7,1BAitQj5xequxDyKaB1tqQ3D1k3vdSUM3geGfbSDnv87pX1
6812824,2021-09-13T16:37:30+00:00,35385.7311522,16R29N4UR8UZbiaNTHiwrUYwEb3RGmo9XCgVk7nzu8LEJ3D7,144HGaYrSdK3543bi26vT6Rd8Bg7pLPMipJNr2WLc3NuHgD2
6812801,2021-09-13T16:35:12+00:00,35386.7711522,12xtAYsRUrmbniiWQqJtECiBQrMn8AypQcXhnQAc6RB6XkLW,16R29N4UR8UZbiaNTHiwrUYwEb3RGmo9XCgVk7nzu8LEJ3D7
6806497,2021-09-13T06:04:30+00:00,1.0042999986,16R29N4UR8UZbiaNTHiwrUYwEb3RGmo9XCgVk7nzu8LEJ3D7,1BAitQj5xequxDyKaB1tqQ3D1k3vdSUM3geGfbSDnv87pX1
6806358,2021-09-13T05:50:36+00:00,27024.77200556,16R29N4UR8UZbiaNTHiwrUYwEb3RGmo9XCgVk7nzu8LEJ3D7,12P4Y3hV6r2D7A7saeC9JVfjVpxA757AeDJrGT7u9T6t6KwR
6806338,2021-09-13T05:48:36+00:00,27025.81200556,12xtAYsRUrmbniiWQqJtECiBQrMn8AypQcXhnQAc6RB6XkLW,16R29N4UR8UZbiaNTHiwrUYwEb3RGmo9XCgVk7nzu8LEJ3D7
6723967,2021-09-07T12:23:30+00:00,1.0041999986,16R29N4UR8UZbiaNTHiwrUYwEb3RGmo9XCgVk7nzu8LEJ3D7,144HGaYrSdK3543bi26vT6Rd8Bg7pLPMipJNr2WLc3NuHgD2
6723818,2021-09-07T12:08:30+00:00,41949.03331245,16R29N4UR8UZbiaNTHiwrUYwEb3RGmo9XCgVk7nzu8LEJ3D7,1BAitQj5xequxDyKaB1tqQ3D1k3vdSUM3geGfbSDnv87pX1
6723796,2021-09-07T12:06:18+00:00,41950.07331245,12xtAYsRUrmbniiWQqJtECiBQrMn8AypQcXhnQAc6RB6XkLW,16R29N4UR8UZbiaNTHiwrUYwEb3RGmo9XCgVk7nzu8LEJ3D7
6707042,2021-09-06T08:06:30+00:00,1.0041999986,16R29N4UR8UZbiaNTHiwrUYwEb3RGmo9XCgVk7nzu8LEJ3D7,12P4Y3hV6r2D7A7saeC9JVfjVpxA757AeDJrGT7u9T6t6KwR
6706902,2021-09-06T07:52:30+00:00,79998.96,16R29N4UR8UZbiaNTHiwrUYwEb3RGmo9XCgVk7nzu8LEJ3D7,144HGaYrSdK3543bi26vT6Rd8Bg7pLPMipJNr2WLc3NuHgD2
6706882,2021-09-06T07:50:30+00:00,80000.0,12xtAYsRUrmbniiWQqJtECiBQrMn8AypQcXhnQAc6RB6XkLW,16R29N4UR8UZbiaNTHiwrUYwEb3RGmo9XCgVk7nzu8LEJ3D7
6685345,2021-09-04T19:56:30+00:00,1.0042999986,16R29N4UR8UZbiaNTHiwrUYwEb3RGmo9XCgVk7nzu8LEJ3D7,1BAitQj5xequxDyKaB1tqQ3D1k3vdSUM3geGfbSDnv87pX1
6685205,2021-09-04T19:42:30+00:00,24998.91,16R29N4UR8UZbiaNTHiwrUYwEb3RGmo9XCgVk7nzu8LEJ3D7,12P4Y3hV6r2D7A7saeC9JVfjVpxA757AeDJrGT7u9T6t6KwR
6685184,2021-09-04T19:40:24+00:00,24999.95,12xtAYsRUrmbniiWQqJtECiBQrMn8AypQcXhnQAc6RB6XkLW,16R29N4UR8UZbiaNTHiwrUYwEb3RGmo9XCgVk7nzu8LEJ3D7
6670641,2021-09-03T19:25:30+00:00,1.0041999986,16R29N4UR8UZbiaNTHiwrUYwEb3RGmo9XCgVk7nzu8LEJ3D7,148fP7zCq1JErXCy92PkNam4KZNcroG9zbbiPwMB1qehgeT4
6670501,2021-09-03T19:11:30+00:00,49998.91,16R29N4UR8UZbiaNTHiwrUYwEb3RGmo9XCgVk7nzu8LEJ3D7,16HNPJqej7ECnB4xQWEk1jAgjpsC65pRjAEXoznmQFxxL8cj
6670482,2021-09-03T19:09:36+00:00,49999.95,12xtAYsRUrmbniiWQqJtECiBQrMn8AypQcXhnQAc6RB6XkLW,16R29N4UR8UZbiaNTHiwrUYwEb3RGmo9XCgVk7nzu8LEJ3D7
6668342,2021-09-03T15:35:30+00:00,1.0041999986,16R29N4UR8UZbiaNTHiwrUYwEb3RGmo9XCgVk7nzu8LEJ3D7,157PD8GV7pJNMwN2zCEuchRyPCMeRoVtwzNdry4XjedkB2KR
6668202,2021-09-03T15:21:30+00:00,29998.91,16R29N4UR8UZbiaNTHiwrUYwEb3RGmo9XCgVk7nzu8LEJ3D7,129fZmvLJcVXJa36p9jmvJWgEFpfvgJXNVDB91fB6FcbTEwb
6668175,2021-09-03T15:18:48+00:00,29999.95,12xtAYsRUrmbniiWQqJtECiBQrMn8AypQcXhnQAc6RB6XkLW,16R29N4UR8UZbiaNTHiwrUYwEb3RGmo9XCgVk7nzu8LEJ3D7
6650215,2021-09-02T09:22:30+00:00,1.0041999986,16R29N4UR8UZbiaNTHiwrUYwEb3RGmo9XCgVk7nzu8LEJ3D7,16HNPJqej7ECnB4xQWEk1jAgjpsC65pRjAEXoznmQFxxL8cj
6650075,2021-09-02T09:08:30+00:00,64998.91,16R29N4UR8UZbiaNTHiwrUYwEb3RGmo9XCgVk7nzu8LEJ3D7,1BAitQj5xequxDyKaB1tqQ3D1k3vdSUM3geGfbSDnv87pX1
6650050,2021-09-02T09:06:00+00:00,64999.95,12xtAYsRUrmbniiWQqJtECiBQrMn8AypQcXhnQAc6RB6XkLW,16R29N4UR8UZbiaNTHiwrUYwEb3RGmo9XCgVk7nzu8LEJ3D7
6639865,2021-09-01T16:07:30+00:00,1.0041999986,16R29N4UR8UZbiaNTHiwrUYwEb3RGmo9XCgVk7nzu8LEJ3D7,148fP7zCq1JErXCy92PkNam4KZNcroG9zbbiPwMB1qehgeT4
6639717,2021-09-01T15:52:30+00:00,49998.91,16R29N4UR8UZbiaNTHiwrUYwEb3RGmo9XCgVk7nzu8LEJ3D7,16HNPJqej7ECnB4xQWEk1jAgjpsC65pRjAEXoznmQFxxL8cj
6639694,2021-09-01T15:50:12+00:00,49999.95,12xtAYsRUrmbniiWQqJtECiBQrMn8AypQcXhnQAc6RB6XkLW,16R29N4UR8UZbiaNTHiwrUYwEb3RGmo9XCgVk7nzu8LEJ3D7
6627752,2021-08-31T19:55:30+00:00,1.0042999986,16R29N4UR8UZbiaNTHiwrUYwEb3RGmo9XCgVk7nzu8LEJ3D7,144HGaYrSdK3543bi26vT6Rd8Bg7pLPMipJNr2WLc3NuHgD2
6627603,2021-08-31T19:40:30+00:00,14998.91,16R29N4UR8UZbiaNTHiwrUYwEb3RGmo9XCgVk7nzu8LEJ3D7,129fZmvLJcVXJa36p9jmvJWgEFpfvgJXNVDB91fB6FcbTEwb
6627576,2021-08-31T19:37:48+00:00,14999.95,12xtAYsRUrmbniiWQqJtECiBQrMn8AypQcXhnQAc6RB6XkLW,16R29N4UR8UZbiaNTHiwrUYwEb3RGmo9XCgVk7nzu8LEJ3D7
6626133,2021-08-31T17:13:30+00:00,1.0041999986,16R29N4UR8UZbiaNTHiwrUYwEb3RGmo9XCgVk7nzu8LEJ3D7,129fZmvLJcVXJa36p9jmvJWgEFpfvgJXNVDB91fB6FcbTEwb
6625993,2021-08-31T16:59:30+00:00,119998.91,16R29N4UR8UZbiaNTHiwrUYwEb3RGmo9XCgVk7nzu8LEJ3D7,1BAitQj5xequxDyKaB1tqQ3D1k3vdSUM3geGfbSDnv87pX1
6625971,2021-08-31T16:57:18+00:00,119999.95,12xtAYsRUrmbniiWQqJtECiBQrMn8AypQcXhnQAc6RB6XkLW,16R29N4UR8UZbiaNTHiwrUYwEb3RGmo9XCgVk7nzu8LEJ3D7
6624346,2021-08-31T14:14:30+00:00,1.0041999986,16R29N4UR8UZbiaNTHiwrUYwEb3RGmo9XCgVk7nzu8LEJ3D7,148fP7zCq1JErXCy92PkNam4KZNcroG9zbbiPwMB1qehgeT4
6624206,2021-08-31T14:00:30+00:00,42998.91,16R29N4UR8UZbiaNTHiwrUYwEb3RGmo9XCgVk7nzu8LEJ3D7,12k6zoi7L6Jd2oCVek7Zktj8CHY2yoY6nxZThDZK7mdWP6Sr
6624180,2021-08-31T13:57:54+00:00,42999.95,12xtAYsRUrmbniiWQqJtECiBQrMn8AypQcXhnQAc6RB6XkLW,16R29N4UR8UZbiaNTHiwrUYwEb3RGmo9XCgVk7nzu8LEJ3D7
6623766,2021-08-31T13:16:30+00:00,1.0041999986,16R29N4UR8UZbiaNTHiwrUYwEb3RGmo9XCgVk7nzu8LEJ3D7,157PD8GV7pJNMwN2zCEuchRyPCMeRoVtwzNdry4XjedkB2KR
6623626,2021-08-31T13:02:30+00:00,99998.91,16R29N4UR8UZbiaNTHiwrUYwEb3RGmo9XCgVk7nzu8LEJ3D7,12k6zoi7L6Jd2oCVek7Zktj8CHY2yoY6nxZThDZK7mdWP6Sr
6623604,2021-08-31T13:00:18+00:00,99999.95,12xtAYsRUrmbniiWQqJtECiBQrMn8AypQcXhnQAc6RB6XkLW,16R29N4UR8UZbiaNTHiwrUYwEb3RGmo9XCgVk7nzu8LEJ3D7
6549393,2021-08-26T09:17:30+00:00,1.0041999986,16R29N4UR8UZbiaNTHiwrUYwEb3RGmo9XCgVk7nzu8LEJ3D7,16HNPJqej7ECnB4xQWEk1jAgjpsC65pRjAEXoznmQFxxL8cj
6549253,2021-08-26T09:03:30+00:00,89998.96,16R29N4UR8UZbiaNTHiwrUYwEb3RGmo9XCgVk7nzu8LEJ3D7,144HGaYrSdK3543bi26vT6Rd8Bg7pLPMipJNr2WLc3NuHgD2
6549226,2021-08-26T09:00:48+00:00,90000.0,12xtAYsRUrmbniiWQqJtECiBQrMn8AypQcXhnQAc6RB6XkLW,16R29N4UR8UZbiaNTHiwrUYwEb3RGmo9XCgVk7nzu8LEJ3D7
6527496,2021-08-24T20:47:30+00:00,1.0041999986,16R29N4UR8UZbiaNTHiwrUYwEb3RGmo9XCgVk7nzu8LEJ3D7,129fZmvLJcVXJa36p9jmvJWgEFpfvgJXNVDB91fB6FcbTEwb
6527346,2021-08-24T20:32:30+00:00,199998.91,16R29N4UR8UZbiaNTHiwrUYwEb3RGmo9XCgVk7nzu8LEJ3D7,157PD8GV7pJNMwN2zCEuchRyPCMeRoVtwzNdry4XjedkB2KR
6527324,2021-08-24T20:30:18+00:00,199999.95,12xtAYsRUrmbniiWQqJtECiBQrMn8AypQcXhnQAc6RB6XkLW,16R29N4UR8UZbiaNTHiwrUYwEb3RGmo9XCgVk7nzu8LEJ3D7
6512102,2021-08-23T19:06:30+00:00,1.0041999986,16R29N4UR8UZbiaNTHiwrUYwEb3RGmo9XCgVk7nzu8LEJ3D7,144HGaYrSdK3543bi26vT6Rd8Bg7pLPMipJNr2WLc3NuHgD2
6511962,2021-08-23T18:52:30+00:00,69998.91,16R29N4UR8UZbiaNTHiwrUYwEb3RGmo9XCgVk7nzu8LEJ3D7,129fZmvLJcVXJa36p9jmvJWgEFpfvgJXNVDB91fB6FcbTEwb
6511936,2021-08-23T18:49:54+00:00,69999.95,12xtAYsRUrmbniiWQqJtECiBQrMn8AypQcXhnQAc6RB6XkLW,16R29N4UR8UZbiaNTHiwrUYwEb3RGmo9XCgVk7nzu8LEJ3D7
6491858,2021-08-22T09:21:24+00:00,1.0041999986,16R29N4UR8UZbiaNTHiwrUYwEb3RGmo9XCgVk7nzu8LEJ3D7,12k6zoi7L6Jd2oCVek7Zktj8CHY2yoY6nxZThDZK7mdWP6Sr
6491718,2021-08-22T09:07:24+00:00,51998.91,16R29N4UR8UZbiaNTHiwrUYwEb3RGmo9XCgVk7nzu8LEJ3D7,16HNPJqej7ECnB4xQWEk1jAgjpsC65pRjAEXoznmQFxxL8cj
6491693,2021-08-22T09:04:54+00:00,51999.95,12xtAYsRUrmbniiWQqJtECiBQrMn8AypQcXhnQAc6RB6XkLW,16R29N4UR8UZbiaNTHiwrUYwEb3RGmo9XCgVk7nzu8LEJ3D7
6434021,2021-08-18T08:54:24+00:00,1.0041999986,16R29N4UR8UZbiaNTHiwrUYwEb3RGmo9XCgVk7nzu8LEJ3D7,129fZmvLJcVXJa36p9jmvJWgEFpfvgJXNVDB91fB6FcbTEwb
6433882,2021-08-18T08:40:30+00:00,29373.3338234,16R29N4UR8UZbiaNTHiwrUYwEb3RGmo9XCgVk7nzu8LEJ3D7,12P4Y3hV6r2D7A7saeC9JVfjVpxA757AeDJrGT7u9T6t6KwR
6433862,2021-08-18T08:38:30+00:00,29374.3738234,12xtAYsRUrmbniiWQqJtECiBQrMn8AypQcXhnQAc6RB6XkLW,16R29N4UR8UZbiaNTHiwrUYwEb3RGmo9XCgVk7nzu8LEJ3D7
6409195,2021-08-16T15:31:24+00:00,1.0041999986,16R29N4UR8UZbiaNTHiwrUYwEb3RGmo9XCgVk7nzu8LEJ3D7,16HNPJqej7ECnB4xQWEk1jAgjpsC65pRjAEXoznmQFxxL8cj
6409057,2021-08-16T15:17:30+00:00,35998.96,16R29N4UR8UZbiaNTHiwrUYwEb3RGmo9XCgVk7nzu8LEJ3D7,129fZmvLJcVXJa36p9jmvJWgEFpfvgJXNVDB91fB6FcbTEwb
6409035,2021-08-16T15:15:18+00:00,36000.0,12xtAYsRUrmbniiWQqJtECiBQrMn8AypQcXhnQAc6RB6XkLW,16R29N4UR8UZbiaNTHiwrUYwEb3RGmo9XCgVk7nzu8LEJ3D7
6391774,2021-08-15T10:26:30+00:00,1.0041999986,16R29N4UR8UZbiaNTHiwrUYwEb3RGmo9XCgVk7nzu8LEJ3D7,12k6zoi7L6Jd2oCVek7Zktj8CHY2yoY6nxZThDZK7mdWP6Sr
6391624,2021-08-15T10:11:24+00:00,29998.91,16R29N4UR8UZbiaNTHiwrUYwEb3RGmo9XCgVk7nzu8LEJ3D7,148fP7zCq1JErXCy92PkNam4KZNcroG9zbbiPwMB1qehgeT4
6391604,2021-08-15T10:09:24+00:00,29999.95,12xtAYsRUrmbniiWQqJtECiBQrMn8AypQcXhnQAc6RB6XkLW,16R29N4UR8UZbiaNTHiwrUYwEb3RGmo9XCgVk7nzu8LEJ3D7
6350365,2021-08-12T13:04:24+00:00,1.0042999986,16R29N4UR8UZbiaNTHiwrUYwEb3RGmo9XCgVk7nzu8LEJ3D7,148fP7zCq1JErXCy92PkNam4KZNcroG9zbbiPwMB1qehgeT4
6350218,2021-08-12T12:49:24+00:00,19998.96,16R29N4UR8UZbiaNTHiwrUYwEb3RGmo9XCgVk7nzu8LEJ3D7,144HGaYrSdK3543bi26vT6Rd8Bg7pLPMipJNr2WLc3NuHgD2
6350193,2021-08-12T12:46:54+00:00,20000.0,12xtAYsRUrmbniiWQqJtECiBQrMn8AypQcXhnQAc6RB6XkLW,16R29N4UR8UZbiaNTHiwrUYwEb3RGmo9XCgVk7nzu8LEJ3D7
6333294,2021-08-11T08:05:24+00:00,1.0041999986,16R29N4UR8UZbiaNTHiwrUYwEb3RGmo9XCgVk7nzu8LEJ3D7,144HGaYrSdK3543bi26vT6Rd8Bg7pLPMipJNr2WLc3NuHgD2
6333152,2021-08-11T07:50:24+00:00,33905.96694261,16R29N4UR8UZbiaNTHiwrUYwEb3RGmo9XCgVk7nzu8LEJ3D7,12k6zoi7L6Jd2oCVek7Zktj8CHY2yoY6nxZThDZK7mdWP6Sr
6333132,2021-08-11T07:48:24+00:00,33907.00694261,12xtAYsRUrmbniiWQqJtECiBQrMn8AypQcXhnQAc6RB6XkLW,16R29N4UR8UZbiaNTHiwrUYwEb3RGmo9XCgVk7nzu8LEJ3D7
5975607,2021-07-17T10:55:24+00:00,1.0042999986,16R29N4UR8UZbiaNTHiwrUYwEb3RGmo9XCgVk7nzu8LEJ3D7,129fZmvLJcVXJa36p9jmvJWgEFpfvgJXNVDB91fB6FcbTEwb
5975467,2021-07-17T10:41:24+00:00,4998.91,16R29N4UR8UZbiaNTHiwrUYwEb3RGmo9XCgVk7nzu8LEJ3D7,144HGaYrSdK3543bi26vT6Rd8Bg7pLPMipJNr2WLc3NuHgD2
5975443,2021-07-17T10:39:00+00:00,4999.95,12xtAYsRUrmbniiWQqJtECiBQrMn8AypQcXhnQAc6RB6XkLW,16R29N4UR8UZbiaNTHiwrUYwEb3RGmo9XCgVk7nzu8LEJ3D7
5531913,2021-06-16T12:34:06+00:00,1.0043999986,16R29N4UR8UZbiaNTHiwrUYwEb3RGmo9XCgVk7nzu8LEJ3D7,1BAitQj5xequxDyKaB1tqQ3D1k3vdSUM3geGfbSDnv87pX1
5531864,2021-06-16T12:29:12+00:00,3.96,16R29N4UR8UZbiaNTHiwrUYwEb3RGmo9XCgVk7nzu8LEJ3D7,1BAitQj5xequxDyKaB1tqQ3D1k3vdSUM3geGfbSDnv87pX1
5531840,2021-06-16T12:26:48+00:00,5.0,12xtAYsRUrmbniiWQqJtECiBQrMn8AypQcXhnQAc6RB6XkLW,16R29N4UR8UZbiaNTHiwrUYwEb3RGmo9XCgVk7nzu8LEJ3D7
